sid,name_as,runId,#fastqs,#dirs,run_dirName,sampleType
SIR000037000069,SIR000037000069_TR1,SIR000037000069-IDX059-AGGTACC,4,1,QBBrun32,QBB
SIR000037000069,SIR000037000069_TR2,SIR000037000069R-IDX155-GATCGTC,4,1,QBBrun32,QBB
SIR000037000266,SIR000037000266_TR1,SIR000037000266-IDX009-AACTGAC,4,1,QBBrun32,QBB
SIR000037000266,SIR000037000266_TR2,SIR000037000266R-IDX105-CCTAACG,4,1,QBBrun32,QBB
SIR000037000276,SIR000037000276_TR1,SIR000037000276-IDX045-AGAAGAC,4,1,QBBrun32,QBB
SIR000037000276,SIR000037000276_TR2,SIR000037000276R-IDX141-CTTCGTT,4,1,QBBrun32,QBB
SIR000037000277,SIR000037000277_TR1,SIR000037000277-IDX087-CAGGCAA,4,1,QBBrun32,QBB
SIR000037000277,SIR000037000277_TR2,SIR000037000277R-IDX183-GGTCAAG,4,1,QBBrun32,QBB
SIR000037000278,SIR000037000278_TR1,SIR000037000278-IDX074-ATGCCGC,4,1,QBBrun32,QBB
SIR000037000278,SIR000037000278_TR2,SIR000037000278R-IDX170-GCTAATC,4,1,QBBrun32,QBB
SIR000037000279,SIR000037000279_TR1,SIR000037000279-IDX086-CAGGAGG,4,1,QBBrun32,QBB
SIR000037000279,SIR000037000279_TR2,SIR000037000279R-IDX182-GGTACGC,4,1,QBBrun32,QBB
SIR000037000280,SIR000037000280_TR1,SIR000037000280-IDX040-ACTATCA,4,1,QBBrun32,QBB
SIR000037000280,SIR000037000280_TR2,SIR000037000280R-IDX136-CTCGCGC,4,1,QBBrun32,QBB
SIR000037000289,SIR000037000289_TR1,SIR000037000289-IDX076-ATTCCAG,4,1,QBBrun32,QBB
SIR000037000289,SIR000037000289_TR2,SIR000037000289R-IDX172-GCTCGAA,4,1,QBBrun32,QBB
SIR000037000314,SIR000037000314_TR1,SIR000037000314-IDX093-CCAAGTC,4,1,QBBrun32,QBB
SIR000037000314,SIR000037000314_TR2,SIR000037000314R-IDX189-GTCTAAT,4,1,QBBrun32,QBB
SIR000037000315,SIR000037000315_TR1,SIR000037000315-IDX011-AAGACGA,4,1,QBBrun32,QBB
SIR000037000315,SIR000037000315_TR2,SIR000037000315R-IDX107-CCTCGCC,4,1,QBBrun32,QBB
SIR000037000321,SIR000037000321_TR1,SIR000037000321-IDX023-AATGATG,4,1,QBBrun32,QBB
SIR000037000321,SIR000037000321_TR2,SIR000037000321R-IDX119-CGCCTCA,4,1,QBBrun32,QBB
SIR000037000322,SIR000037000322_TR1,SIR000037000322-IDX067-ATAGCTG,4,1,QBBrun32,QBB
SIR000037000322,SIR000037000322_TR2,SIR000037000322R-IDX163-GCATATT,4,1,QBBrun32,QBB
SIR000037000323,SIR000037000323_TR1,SIR000037000323-IDX077-CAACGAA,4,1,QBBrun32,QBB
SIR000037000323,SIR000037000323_TR2,SIR000037000323R-IDX173-GCTGAGA,4,1,QBBrun32,QBB
SIR000037000324,SIR000037000324_TR1,SIR000037000324-IDX073-ATCGGTT,4,1,QBBrun32,QBB
SIR000037000324,SIR000037000324_TR2,SIR000037000324R-IDX169-GCGATCT,4,1,QBBrun32,QBB
SIR000037000325,SIR000037000325_TR1,SIR000037000325-IDX030-ACCTCGT,4,1,QBBrun32,QBB
SIR000037000325,SIR000037000325_TR2,SIR000037000325R-IDX126-CGGTCTC,4,1,QBBrun32,QBB
SIR000037000347,SIR000037000347_TR1,SIR000037000347-IDX078-CAACTCT,4,1,QBBrun32,QBB
SIR000037000347,SIR000037000347_TR2,SIR000037000347R-IDX174-GCTGGTT,4,1,QBBrun32,QBB
SIR000037000356,SIR000037000356_TR1,SIR000037000356-IDX010-AAGAACG,4,1,QBBrun32,QBB
SIR000037000356,SIR000037000356_TR2,SIR000037000356R-IDX106-CCTAGGT,4,1,QBBrun32,QBB
SIR000037000357,SIR000037000357_TR1,SIR000037000357-IDX031-ACCTTCC,4,1,QBBrun32,QBB
SIR000037000357,SIR000037000357_TR2,SIR000037000357R-IDX127-CGTATAT,4,1,QBBrun32,QBB
SIR000037000358,SIR000037000358_TR1,SIR000037000358-IDX075-ATGGAGA,4,1,QBBrun32,QBB
SIR000037000358,SIR000037000358_TR2,SIR000037000358R-IDX171-GCTCCGT,4,1,QBBrun32,QBB
SIR000037000359,SIR000037000359_TR1,SIR000037000359-IDX020-AATACCT,4,1,QBBrun32,QBB
SIR000037000359,SIR000037000359_TR2,SIR000037000359R-IDX116-CGCAAGG,4,1,QBBrun32,QBB
SIR000037000360,SIR000037000360_TR1,SIR000037000360-IDX022-AATATAG,4,1,QBBrun32,QBB
SIR000037000360,SIR000037000360_TR2,SIR000037000360R-IDX118-CGCCAAC,4,1,QBBrun32,QBB
SIR000037000384,SIR000037000384_TR1,SIR000037000384-IDX089-CATAGAC,4,1,QBBrun32,QBB
SIR000037000384,SIR000037000384_TR2,SIR000037000384R-IDX185-GTAAGCC,4,1,QBBrun32,QBB
SIR000037000389,SIR000037000389_TR1,SIR000037000389-IDX092-CCAACCT,4,1,QBBrun32,QBB
SIR000037000389,SIR000037000389_TR2,SIR000037000389R-IDX188-GTCCGGC,4,1,QBBrun32,QBB
SIR000037000398,SIR000037000398_TR1,SIR000037000398-IDX012-AAGAGAT,4,1,QBBrun32,QBB
SIR000037000398,SIR000037000398_TR2,SIR000037000398R-IDX108-CCTCTAG,4,1,QBBrun32,QBB
SIR000037000401,SIR000037000401_TR1,SIR000037000401-IDX083-CAATTAC,4,1,QBBrun32,QBB
SIR000037000401,SIR000037000401_TR2,SIR000037000401R-IDX179-GGCTAGC,4,1,QBBrun32,QBB
SIR000037000403,SIR000037000403_TR1,SIR000037000403-IDX028-ACCGAGG,4,1,QBBrun32,QBB
SIR000037000403,SIR000037000403_TR2,SIR000037000403R-IDX124-CGGCTGG,4,1,QBBrun32,QBB
SIR000037000405,SIR000037000405_TR1,SIR000037000405-IDX061-AGTCCTC,4,1,QBBrun32,QBB
SIR000037000405,SIR000037000405_TR2,SIR000037000405R-IDX157-GATGCCA,4,1,QBBrun32,QBB
SIR000037000406,SIR000037000406_TR1,SIR000037000406-IDX060-AGTCAGA,4,1,QBBrun32,QBB
SIR000037000406,SIR000037000406_TR2,SIR000037000406R-IDX156-GATCTCG,4,1,QBBrun32,QBB
SIR000037000411,SIR000037000411_TR1,SIR000037000411-IDX062-AGTCGCT,4,1,QBBrun32,QBB
SIR000037000411,SIR000037000411_TR2,SIR000037000411R-IDX158-GATTAGG,4,1,QBBrun32,QBB
SIR000037000413,SIR000037000413_TR1,SIR000037000413-IDX065-ATACTGA,4,1,QBBrun32,QBB
SIR000037000413,SIR000037000413_TR2,SIR000037000413R-IDX161-GCAGAAG,4,1,QBBrun32,QBB
SIR000037000415,SIR000037000415_TR1,SIR000037000415-IDX094-CCAATAA,4,1,QBBrun32,QBB
SIR000037000415,SIR000037000415_TR2,SIR000037000415R-IDX190-GTTACCG,4,1,QBBrun32,QBB
SIR000037000417,SIR000037000417_TR1,SIR000037000417-IDX039-ACTACGG,4,1,QBBrun32,QBB
SIR000037000417,SIR000037000417_TR2,SIR000037000417R-IDX135-CTCGATG,4,1,QBBrun32,QBB
SIR000037000418,SIR000037000418_TR1,SIR000037000418-IDX006-AACGTTA,4,1,QBBrun32,QBB
SIR000037000418,SIR000037000418_TR2,SIR000037000418R-IDX102-CCGGTAC,4,1,QBBrun32,QBB
SIR000037000419,SIR000037000419_TR1,SIR000037000419-IDX029-ACCGCTC,4,1,QBBrun32,QBB
SIR000037000419,SIR000037000419_TR2,SIR000037000419R-IDX125-CGGTAAG,4,1,QBBrun32,QBB
SIR000037000420,SIR000037000420_TR1,SIR000037000420-IDX033-ACGAGCC,4,1,QBBrun32,QBB
SIR000037000420,SIR000037000420_TR2,SIR000037000420R-IDX129-CTACTTC,4,1,QBBrun32,QBB
SIR000037000422,SIR000037000422_TR1,SIR000037000422-IDX032-ACGACTT,4,1,QBBrun32,QBB
SIR000037000422,SIR000037000422_TR2,SIR000037000422R-IDX128-CGTTCCT,4,1,QBBrun32,QBB
SIR000037000423,SIR000037000423_TR1,SIR000037000423-IDX079-CAAGAAT,4,1,QBBrun32,QBB
SIR000037000423,SIR000037000423_TR2,SIR000037000423R-IDX175-GCTTCAG,4,1,QBBrun32,QBB
SIR000037000445,SIR000037000445_TR1,SIR000037000445-IDX016-AAGCTAA,4,1,QBBrun32,QBB
SIR000037000445,SIR000037000445_TR2,SIR000037000445R-IDX112-CGACCTG,4,1,QBBrun32,QBB
SIR000037000447,SIR000037000447_TR1,SIR000037000447-IDX005-AACGCAT,4,1,QBBrun32,QBB
SIR000037000447,SIR000037000447_TR2,SIR000037000447R-IDX101-CCGGATA,4,1,QBBrun32,QBB
SIR000037000449,SIR000037000449_TR1,SIR000037000449-IDX041-ACTCATT,4,1,QBBrun32,QBB
SIR000037000449,SIR000037000449_TR2,SIR000037000449R-IDX137-CTCTGCA,4,1,QBBrun32,QBB
SIR000037000452,SIR000037000452_TR1,SIR000037000452-IDX055-AGCCTTG,4,1,QBBrun32,QBB
SIR000037000452,SIR000037000452_TR2,SIR000037000452R-IDX151-GACTTCT,4,1,QBBrun32,QBB
SIR000037000454,SIR000037000454_TR1,SIR000037000454-IDX042-ACTGGAC,4,1,QBBrun32,QBB
SIR000037000454,SIR000037000454_TR2,SIR000037000454R-IDX138-CTGACTA,4,1,QBBrun32,QBB
SIR000037000455,SIR000037000455_TR1,SIR000037000455-IDX015-AAGCCTG,4,1,QBBrun32,QBB
SIR000037000455,SIR000037000455_TR2,SIR000037000455R-IDX111-CGAATGC,4,1,QBBrun32,QBB
SIR000037000456,SIR000037000456_TR1,SIR000037000456-IDX054-AGCAGGT,4,1,QBBrun32,QBB
SIR000037000456,SIR000037000456_TR2,SIR000037000456R-IDX150-GACGTAC,4,1,QBBrun32,QBB
SIR000037000457,SIR000037000457_TR1,SIR000037000457-IDX090-CATCCGG,4,1,QBBrun32,QBB
SIR000037000457,SIR000037000457_TR2,SIR000037000457R-IDX186-GTACCGG,4,1,QBBrun32,QBB
SIR000037000458,SIR000037000458_TR1,SIR000037000458-IDX088-CAGTACT,4,1,QBBrun32,QBB
SIR000037000458,SIR000037000458_TR2,SIR000037000458R-IDX184-GGTTGAC,4,1,QBBrun32,QBB
SIR000037000459,SIR000037000459_TR1,SIR000037000459-IDX026-ACCAACT,4,1,QBBrun32,QBB
SIR000037000459,SIR000037000459_TR2,SIR000037000459R-IDX122-CGGACGT,4,1,QBBrun32,QBB
SIR000037000460,SIR000037000460_TR1,SIR000037000460-IDX037-ACGGCAG,4,1,QBBrun32,QBB
SIR000037000460,SIR000037000460_TR2,SIR000037000460R-IDX133-CTCATCG,4,1,QBBrun32,QBB
SIR000037000461,SIR000037000461_TR1,SIR000037000461-IDX053-AGCAATC,4,1,QBBrun32,QBB
SIR000037000461,SIR000037000461_TR2,SIR000037000461R-IDX149-GACGGCG,4,1,QBBrun32,QBB
SIR000037000468,SIR000037000468_TR1,SIR000037000468-IDX044-AGAACCG,4,1,QBBrun32,QBB
SIR000037000468,SIR000037000468_TR2,SIR000037000468R-IDX140-CTGGCCT,4,1,QBBrun32,QBB
SIR000037000469,SIR000037000469_TR1,SIR000037000469-IDX014-AAGCAGT,4,1,QBBrun32,QBB
SIR000037000469,SIR000037000469_TR2,SIR000037000469R-IDX110-CCTTCGC,4,1,QBBrun32,QBB
SIR000037000551,SIR000037000551_TR1,SIR000037000551-IDX084-CAGAGCA,4,1,QBBrun32,QBB
SIR000037000551,SIR000037000551_TR2,SIR000037000551R-IDX180-GGCTCTG,4,1,QBBrun32,QBB
SIR000037000552,SIR000037000552_TR1,SIR000037000552-IDX046-AGAATTA,4,1,QBBrun32,QBB
SIR000037000552,SIR000037000552_TR2,SIR000037000552R-IDX142-CTTGACC,4,1,QBBrun32,QBB
SIR000037000553,SIR000037000553_TR1,SIR000037000553-IDX066-ATAGAAC,4,1,QBBrun32,QBB
SIR000037000553,SIR000037000553_TR2,SIR000037000553R-IDX162-GCAGTCC,4,1,QBBrun32,QBB
SIR000037000554,SIR000037000554_TR1,SIR000037000554-IDX034-ACGCAAC,4,1,QBBrun32,QBB
SIR000037000554,SIR000037000554_TR2,SIR000037000554R-IDX130-CTATCTT,4,1,QBBrun32,QBB
SIR000037000555,SIR000037000555_TR1,SIR000037000555-IDX095-CCAGCGG,4,1,QBBrun32,QBB
SIR000037000555,SIR000037000555_TR2,SIR000037000555R-IDX191-GTTATAC,4,1,QBBrun32,QBB
SIR000037000556,SIR000037000556_TR1,SIR000037000556-IDX021-AATAGTA,4,1,QBBrun32,QBB
SIR000037000556,SIR000037000556_TR2,SIR000037000556R-IDX117-CGCAGCC,4,1,QBBrun32,QBB
SIR000037000563,SIR000037000563_TR1,SIR000037000563-IDX057-AGCTTAT,4,1,QBBrun32,QBB
SIR000037000563,SIR000037000563_TR2,SIR000037000563R-IDX153-GAGGTTG,4,1,QBBrun32,QBB
SIR000037000564,SIR000037000564_TR1,SIR000037000564-IDX008-AACTCCG,4,1,QBBrun32,QBB
SIR000037000564,SIR000037000564_TR2,SIR000037000564R-IDX104-CCGTTGA,4,1,QBBrun32,QBB
SIR000037000565,SIR000037000565_TR1,SIR000037000565-IDX035-ACGCGGA,4,1,QBBrun32,QBB
SIR000037000565,SIR000037000565_TR2,SIR000037000565R-IDX131-CTATGGC,4,1,QBBrun32,QBB
SIR000037000566,SIR000037000566_TR1,SIR000037000566-IDX063-ATAACGT,4,1,QBBrun32,QBB
SIR000037000566,SIR000037000566_TR2,SIR000037000566R-IDX159-GCAACTG,4,1,QBBrun32,QBB
SIR000037000573,SIR000037000573_TR1,SIR000037000573-IDX004-AACGACC,4,1,QBBrun32,QBB
SIR000037000573,SIR000037000573_TR2,SIR000037000573R-IDX100-CCGCCAT,4,1,QBBrun32,QBB
SIR000037000577,SIR000037000577_TR1,SIR000037000577-IDX038-ACGTATG,4,1,QBBrun32,QBB
SIR000037000577,SIR000037000577_TR2,SIR000037000577R-IDX134-CTCCAGT,4,1,QBBrun32,QBB
SIR000037000578,SIR000037000578_TR1,SIR000037000578-IDX082-CAATCGA,4,1,QBBrun32,QBB
SIR000037000578,SIR000037000578_TR2,SIR000037000578R-IDX178-GGCGGTC,4,1,QBBrun32,QBB
SIR000037000580,SIR000037000580_TR1,SIR000037000580-IDX043-ACTTGCG,4,1,QBBrun32,QBB
SIR000037000580,SIR000037000580_TR2,SIR000037000580R-IDX139-CTGCGAC,4,1,QBBrun32,QBB
SIR000037000581,SIR000037000581_TR1,SIR000037000581-IDX070-ATCATAA,4,1,QBBrun32,QBB
SIR000037000581,SIR000037000581_TR2,SIR000037000581R-IDX166-GCCGCCT,4,1,QBBrun32,QBB
SIR000037000582,SIR000037000582_TR1,SIR000037000582-IDX064-ATACGCG,4,1,QBBrun32,QBB
SIR000037000582,SIR000037000582_TR2,SIR000037000582R-IDX160-GCAAGAT,4,1,QBBrun32,QBB
SIR000037000583,SIR000037000583_TR1,SIR000037000583-IDX068-ATATCCA,4,1,QBBrun32,QBB
SIR000037000583,SIR000037000583_TR2,SIR000037000583R-IDX164-GCATTGG,4,1,QBBrun32,QBB
SIR000037000584,SIR000037000584_TR1,SIR000037000584-IDX051-AGAGTAG,4,1,QBBrun32,QBB
SIR000037000584,SIR000037000584_TR2,SIR000037000584R-IDX147-GACCGAT,4,1,QBBrun32,QBB
SIR000037000585,SIR000037000585_TR1,SIR000037000585-IDX049-AGAGACT,4,1,QBBrun32,QBB
SIR000037000585,SIR000037000585_TR2,SIR000037000585R-IDX145-GAAGCGT,4,1,QBBrun32,QBB
SIR000037000586,SIR000037000586_TR1,SIR000037000586-IDX081-CAATATG,4,1,QBBrun32,QBB
SIR000037000586,SIR000037000586_TR2,SIR000037000586R-IDX177-GGCATAG,4,1,QBBrun32,QBB
SIR000037000587,SIR000037000587_TR1,SIR000037000587-IDX017-AAGGTCT,4,1,QBBrun32,QBB
SIR000037000587,SIR000037000587_TR2,SIR000037000587R-IDX113-CGACGGT,4,1,QBBrun32,QBB
SIR000037000588,SIR000037000588_TR1,SIR000037000588-IDX027-ACCAGAG,4,1,QBBrun32,QBB
SIR000037000588,SIR000037000588_TR2,SIR000037000588R-IDX123-CGGCGTA,4,1,QBBrun32,QBB
SIR000037000589,SIR000037000589_TR1,SIR000037000589-IDX052-AGATAGG,4,1,QBBrun32,QBB
SIR000037000589,SIR000037000589_TR2,SIR000037000589R-IDX148-GACGATT,4,1,QBBrun32,QBB
SIR000037000613,SIR000037000613_TR1,SIR000037000613-IDX071-ATCCATA,4,1,QBBrun32,QBB
SIR000037000613,SIR000037000613_TR2,SIR000037000613R-IDX167-GCCTACG,4,1,QBBrun32,QBB
SIR000037000615,SIR000037000615_TR1,SIR000037000615-IDX007-AACTAGA,4,1,QBBrun32,QBB
SIR000037000615,SIR000037000615_TR2,SIR000037000615R-IDX103-CCGTCCG,4,1,QBBrun32,QBB
SIR000037000617,SIR000037000617_TR1,SIR000037000617-IDX072-ATCCTCT,4,1,QBBrun32,QBB
SIR000037000617,SIR000037000617_TR2,SIR000037000617R-IDX168-GCGAGTA,4,1,QBBrun32,QBB
SIR000037000621,SIR000037000621_TR1,SIR000037000621-IDX096-CCATACC,4,1,QBBrun32,QBB
SIR000037000621,SIR000037000621_TR2,SIR000037000621R-IDX192-GTTGCAT,4,1,QBBrun32,QBB
SIR000037000626,SIR000037000626_TR1,SIR000037000626-IDX002-AACCGCA,4,1,QBBrun32,QBB
SIR000037000626,SIR000037000626_TR2,SIR000037000626R-IDX098-CCGAAGC,4,1,QBBrun32,QBB
SIR000037000627,SIR000037000627_TR1,SIR000037000627-IDX018-AAGTTGG,4,1,QBBrun32,QBB
SIR000037000627,SIR000037000627_TR2,SIR000037000627R-IDX114-CGAGATC,4,1,QBBrun32,QBB
SIR000037000629,SIR000037000629_TR1,SIR000037000629-IDX024-AATTCAA,4,1,QBBrun32,QBB
SIR000037000629,SIR000037000629_TR2,SIR000037000629R-IDX120-CGCGCAG,4,1,QBBrun32,QBB
SIR000037000632,SIR000037000632_TR1,SIR000037000632-IDX056-AGCGCCA,4,1,QBBrun32,QBB
SIR000037000632,SIR000037000632_TR2,SIR000037000632R-IDX152-GAGAGGC,4,1,QBBrun32,QBB
SIR000037000633,SIR000037000633_TR1,SIR000037000633-IDX003-AACCTGC,4,1,QBBrun32,QBB
SIR000037000633,SIR000037000633_TR2,SIR000037000633R-IDX099-CCGATTG,4,1,QBBrun32,QBB
SIR000037000634,SIR000037000634_TR1,SIR000037000634-IDX080-CAAGGCC,4,1,QBBrun32,QBB
SIR000037000634,SIR000037000634_TR2,SIR000037000634R-IDX176-GGATCAA,4,1,QBBrun32,QBB
SIR000037000635,SIR000037000635_TR1,SIR000037000635-IDX025-AATTGGT,4,1,QBBrun32,QBB
SIR000037000635,SIR000037000635_TR2,SIR000037000635R-IDX121-CGCTATT,4,1,QBBrun32,QBB
SIR000037000636,SIR000037000636_TR1,SIR000037000636-IDX001-AACCAAG,4,1,QBBrun32,QBB
SIR000037000636,SIR000037000636_TR2,SIR000037000636R-IDX097-CCATGAG,4,1,QBBrun32,QBB
SIR000037000637,SIR000037000637_TR1,SIR000037000637-IDX013-AAGATTC,4,1,QBBrun32,QBB
SIR000037000637,SIR000037000637_TR2,SIR000037000637R-IDX109-CCTTAAT,4,1,QBBrun32,QBB
SIR000037000638,SIR000037000638_TR1,SIR000037000638-IDX085-CAGCATC,4,1,QBBrun32,QBB
SIR000037000638,SIR000037000638_TR2,SIR000037000638R-IDX181-GGTAACT,4,1,QBBrun32,QBB
SIR000037000639,SIR000037000639_TR1,SIR000037000639-IDX050-AGAGCGC,4,1,QBBrun32,QBB
SIR000037000639,SIR000037000639_TR2,SIR000037000639R-IDX146-GAATCTC,4,1,QBBrun32,QBB
SIR000037000640,SIR000037000640_TR1,SIR000037000640-IDX069-ATATGAT,4,1,QBBrun32,QBB
SIR000037000640,SIR000037000640_TR2,SIR000037000640R-IDX165-GCCATGC,4,1,QBBrun32,QBB
SIR000037000641,SIR000037000641_TR1,SIR000037000641-IDX058-AGGCGAG,4,1,QBBrun32,QBB
SIR000037000641,SIR000037000641_TR2,SIR000037000641R-IDX154-GAGTAAC,4,1,QBBrun32,QBB
SIR000037000645,SIR000037000645_TR1,SIR000037000645-IDX019-AATAAGC,4,1,QBBrun32,QBB
SIR000037000645,SIR000037000645_TR2,SIR000037000645R-IDX115-CGATTCG,4,1,QBBrun32,QBB
SIR000037000649,SIR000037000649_TR1,SIR000037000649-IDX048-AGACTCC,4,1,QBBrun32,QBB
SIR000037000649,SIR000037000649_TR2,SIR000037000649R-IDX144-GAACTTA,4,1,QBBrun32,QBB
SIR000037000653,SIR000037000653_TR1,SIR000037000653-IDX091-CATGCTC,4,1,QBBrun32,QBB
SIR000037000653,SIR000037000653_TR2,SIR000037000653R-IDX187-GTACTAT,4,1,QBBrun32,QBB
SIR000037000654,SIR000037000654_TR1,SIR000037000654-IDX047-AGACCAT,4,1,QBBrun32,QBB
SIR000037000654,SIR000037000654_TR2,SIR000037000654R-IDX143-CTTGGAA,4,1,QBBrun32,QBB
SIR000037000655,SIR000037000655_TR1,SIR000037000655-IDX036-ACGCTCG,4,1,QBBrun32,QBB
SIR000037000655,SIR000037000655_TR2,SIR000037000655R-IDX132-CTCAGAT,4,1,QBBrun32,QBB
